593.2000122,0.002420673
593.2999878,0.003502652
593.4000244,0.003813613
593.5,0.004135664
593.5999756,0.004477888
593.7000122,0.004823812
593.7999878,0.00520304
593.9000244,0.005585817
594,0.00599804
594.0999756,0.006415915
594.2000122,0.006865006
594.2999878,0.007320611
594.4000244,0.00779436
594.5,0.008280886
594.5999756,0.008769603
594.7000122,0.009292215
594.7999878,0.009799493
594.9000244,0.010331482
595,0.01084006
595.0999756,0.011369287
595.2000122,0.011894413
595.2999878,0.012428884
595.4000244,0.012943275
595.5,0.013468099
595.5999756,0.013984225
595.7000122,0.01448932
595.7999878,0.014974294
595.9000244,0.015430677
596,0.015896096
596.0999756,0.016321023
596.2000122,0.016726094
596.2999878,0.01707327
596.4000244,0.017412487
596.5,0.01769445
596.5999756,0.017968641
596.7000122,0.018169057
596.7999878,0.018362136
596.9000244,0.018499779
597,0.018600496
597.0999756,0.018626634
597.2000122,0.018624816
597.2999878,0.018567132
597.4000244,0.018457986
597.5,0.018296816
597.5999756,0.018045701
597.7000122,0.017780107
597.7999878,0.017440754
597.9000244,0.017064389
598,0.016611388
598.0999756,0.016140328
598.2000122,0.015609009
598.2999878,0.01503649
598.4000244,0.014408328
598.5,0.013754038
598.5999756,0.013073321
598.7000122,0.012357595
598.7999878,0.011626484
598.9000244,0.010860156
599,0.013408153
599.0999756,0.014707569
599.2000122,0.015741697
599.2999878,0.016791893
599.4000244,0.017899598
599.5,0.019017114
599.5999756,0.020169319
599.7000122,0.021325538
599.7999878,0.022520638
599.9000244,0.023729656
600,0.024955897
600.0999756,0.026201364
600.2000122,0.027430724
600.2999878,0.028675401
600.4000244,0.029884204
600.5,0.03110199
600.5999756,0.032256058
600.7000122,0.033455478
600.7999878,0.034605928
600.9000244,0.035728252
601,0.036795603
601.0999756,0.037854591
601.2000122,0.038860267
601.2999878,0.039834427
601.4000244,0.040744244
601.5,0.04157188
601.5999756,0.042368677
601.7000122,0.043047158
601.7999878,0.043670136
601.9000244,0.044191712
602,0.04463756
602.0999756,0.044999818
602.2000122,0.045284972
602.2999878,0.045442387
602.4000244,0.045522639
602.5,0.045484141
602.5999756,0.045346616
602.7000122,0.045053591
602.7999878,0.044690043
602.9000244,0.044221875
603,0.043632964
603.0999756,0.042919616
603.2000122,0.042112057
603.2999878,0.041218419
603.4000244,0.040215824
603.5,0.039138859
603.5999756,0.037983006
603.7000122,0.036724423
603.7999878,0.035403259
603.9000244,0.033998627
604,0.032539492
604.0999756,0.031052414
604.2000122,0.029524542
604.2999878,0.027957798
604.4000244,0.02635873
604.5,0.024730266
604.5999756,0.023118578
604.7000122,0.02149896
604.7999878,0.019874948
604.9000244,0.022317124
605,0.026304329
605.0999756,0.027776998
605.2000122,0.029253207
605.2999878,0.03076498
605.4000244,0.032281873
605.5,0.033809076
605.5999756,0.035330136
605.7000122,0.036861601
605.7999878,0.038372372
605.9000244,0.039874433
606,0.04135327
606.0999756,0.042801185
606.2000122,0.044220888
606.2999878,0.045596204
606.4000244,0.046944084
606.5,0.048248594
606.5999756,0.049502121
606.7000122,0.050692653
606.7999878,0.051823798
606.9000244,0.052887222
607,0.053886532
607.0999756,0.054818753
607.2000122,0.055673841
607.2999878,0.05643949
607.4000244,0.057137678
607.5,0.057714663
607.5999756,0.058204651
607.7000122,0.058589937
607.7999878,0.058879775
607.9000244,0.05905982
608,0.059114171
608.0999756,0.059052525
608.2000122,0.058843329
608.2999878,0.058545521
608.4000244,0.05811434
608.5,0.057589439
608.5999756,0.056936363
608.7000122,0.056172536
608.7999878,0.055290597
608.9000244,0.054324974
609,0.053240755
609.0999756,0.052060866
609.2000122,0.050794906
609.2999878,0.049437644
609.4000244,0.047976035
609.5,0.046440292
609.5999756,0.044820719
609.7000122,0.043138739
609.7999878,0.041397676
609.9000244,0.039594733
610,0.037753714
610.0999756,0.035879692
610.2000122,0.033994772
610.2999878,0.032071927
610.4000244,0.030160572
610.5,0.028232066
610.5999756,0.026302277
610.7000122,0.024389061
610.7999878,0.022500679
610.9000244,0.020645105
611,0.028920711
611.0999756,0.030403656
611.2000122,0.03189548
611.2999878,0.033402103
611.4000244,0.034913508
611.5,0.036434204
611.5999756,0.037922376
611.7000122,0.03943482
611.7999878,0.040924606
611.9000244,0.042407713
612,0.043864476
612.0999756,0.045293906
612.2000122,0.046688714
612.2999878,0.048047701
612.4000244,0.049381151
612.5,0.050653257
612.5999756,0.051869153
612.7000122,0.053038176
612.7999878,0.054151226
612.9000244,0.055193803
613,0.056172429
613.0999756,0.057084049
613.2000122,0.057935471
613.2999878,0.058673794
613.4000244,0.059337658
613.5,0.059916647
613.5999756,0.060391072
613.7000122,0.060779187
613.7999878,0.061060297
613.9000244,0.061250873
614,0.061329649
614.0999756,0.061283868
614.2000122,0.061122782
614.2999878,0.060864579
614.4000244,0.060495612
614.5,0.060042824
614.5999756,0.059495757
614.7000122,0.058833967
614.7999878,0.058068724
614.9000244,0.057196073
615,0.056217622
615.0999756,0.05511636
615.2000122,0.053922201
615.2999878,0.052638379
615.4000244,0.051252389
615.5,0.049786111
615.5999756,0.048233754
615.7000122,0.046624277
615.7999878,0.044949765
615.9000244,0.043188738
616,0.041387296
616.0999756,0.039544427
616.2000122,0.03766557
616.2999878,0.035752911
616.4000244,0.033817256
616.5,0.03186393
616.5999756,0.029903287
616.7000122,0.027961176
616.7999878,0.026016139
616.9000244,0.024088761
617,0.022190774
617.0999756,0.029531133
617.2000122,0.031051243
617.2999878,0.032595897
617.4000244,0.034139604
617.5,0.035717117
617.5999756,0.037278025
617.7000122,0.03886189
617.7999878,0.040426596
617.9000244,0.041998507
618,0.043549872
618.0999756,0.045090712
618.2000122,0.046608414
618.2999878,0.04811357
618.4000244,0.049600039
618.5,0.051025418
618.5999756,0.052437682
618.7000122,0.053784289
618.7999878,0.055092017
618.9000244,0.05635653
619,0.057543104
619.0999756,0.058654989
619.2000122,0.05968721
619.2999878,0.060667009
619.4000244,0.061561629
619.5,0.06237247
619.5999756,0.063067861
619.7000122,0.063651295
619.7999878,0.064144544
619.9000244,0.064531915
620,0.064803173
620.0999756,0.065014328
620.2000122,0.065091717
620.2999878,0.065080598
620.4000244,0.064945078
620.5,0.064710812
620.5999756,0.06435036
620.7000122,0.063882883
620.7999878,0.063289953
620.9000244,0.062603417
621,0.061787643
621.0999756,0.060875468
621.2000122,0.059879122
621.2999878,0.058743956
621.4000244,0.057531033
621.5,0.05619673
621.5999756,0.054775389
621.7000122,0.053265212
621.7999878,0.051681607
621.9000244,0.050005185
622,0.048267827
622.0999756,0.046462638
622.2000122,0.044589532
622.2999878,0.042692183
622.4000244,0.040726884
622.5,0.038727866
622.5999756,0.036704235
622.7000122,0.03466051
622.7999878,0.032616291
622.9000244,0.030556984
623,0.028514161
623.0999756,0.026492162
623.2000122,0.024491566
623.2999878,0.022549232
623.4000244,0.031586593
623.5,0.033141735
623.5999756,0.034704957
623.7000122,0.036285349
623.7999878,0.037872916
623.9000244,0.039456064
624,0.04104202
624.0999756,0.04263412
624.2000122,0.044197194
624.2999878,0.045761351
624.4000244,0.047314898
624.5,0.048834466
624.5999756,0.050335614
624.7000122,0.051791227
624.7999878,0.053233661
624.9000244,0.054619918
625,0.055969788
625.0999756,0.057267819
625.2000122,0.058493233
625.2999878,0.059680701
625.4000244,0.060797525
625.5,0.061842777
625.5999756,0.062807647
625.7000122,0.063712325
625.7999878,0.064527069
625.9000244,0.065241885
626,0.065878119
626.0999756,0.066433126
626.2000122,0.066873269
626.2999878,0.067243688
626.4000244,0.067483129
626.5,0.067636547
626.5999756,0.067674763
626.7000122,0.067602704
626.7999878,0.06741867
626.9000244,0.067122307
627,0.066719321
627.0999756,0.0661654
627.2000122,0.065491169
627.2999878,0.064715718
627.4000244,0.063840953
627.5,0.062845874
627.5999756,0.061731983
627.7000122,0.060527595
627.7999878,0.059237072
627.9000244,0.057831791
628,0.056348174
628.0999756,0.054761408
628.2000122,0.053097684
628.2999878,0.05137919
628.4000244,0.049572959
628.5,0.047700264
628.5999756,0.045781946
628.7000122,0.043810589
628.7999878,0.041797301
628.9000244,0.039748905
629,0.037680449
629.0999756,0.035625269
629.2000122,0.033554205
629.2999878,0.031501582
629.4000244,0.029435754
629.5,0.027386601
629.5999756,0.025359336
629.7000122,0.023367835
629.7999878,0.033186403
629.9000244,0.034802838
630,0.036443431
630.0999756,0.038085335
630.2000122,0.039737398
630.2999878,0.041385867
630.4000244,0.043038967
630.5,0.044689748
630.5999756,0.046336956
630.7000122,0.047967475
630.7999878,0.049569981
630.9000244,0.051153484
631,0.052734873
631.0999756,0.054241864
631.2000122,0.055717578
631.2999878,0.057155973
631.4000244,0.058544293
631.5,0.059873202
631.5999756,0.061153483
631.7000122,0.062380732
631.7999878,0.063534084
631.9000244,0.064610463
632,0.065621811
632.0999756,0.066561287
632.2000122,0.067424688
632.2999878,0.068180935
632.4000244,0.06886729
632.5,0.069452273
632.5999756,0.069939814
632.7000122,0.070326857
632.7999878,0.070603075
632.9000244,0.070786892
633,0.070850118
633.0999756,0.070810846
633.2000122,0.070660162
633.2999878,0.070396989
633.4000244,0.070034648
633.5,0.069565534
633.5999756,0.068955305
633.7000122,0.068245565
633.7999878,0.067417856
633.9000244,0.066509628
634,0.06545782
634.0999756,0.064304621
634.2000122,0.063055936
634.2999878,0.061707385
634.4000244,0.060256736
634.5,0.058722365
634.5999756,0.057099818
634.7000122,0.055397069
634.7999878,0.053595836
634.9000244,0.05175129
635,0.049822134
635.0999756,0.047848897
635.2000122,0.045820719
635.2999878,0.043757639
635.4000244,0.041664414
635.5,0.039535618
635.5999756,0.037399502
635.7000122,0.035254929
635.7999878,0.033106547
635.9000244,0.030979255
636,0.02886435
636.0999756,0.026770414
636.2000122,0.024706314
636.2999878,0.034037821
636.4000244,0.035647343
636.5,0.037271277
636.5999756,0.038897872
636.7000122,0.040550587
636.7999878,0.04219007
636.9000244,0.043842997
637,0.045492376
637.0999756,0.047089368
637.2000122,0.048705302
637.2999878,0.050297008
637.4000244,0.051869203
637.5,0.053397619
637.5999756,0.054929305
637.7000122,0.056409943
637.7999878,0.057847798
637.9000244,0.059249305
638,0.060588483
638.0999756,0.06191001
638.2000122,0.063150793
638.2999878,0.06434189
638.4000244,0.065494235
638.5,0.066550128
638.5999756,0.067531597
638.7000122,0.068434003
638.7999878,0.069267896
638.9000244,0.070015304
639,0.070665964
639.0999756,0.071233291
639.2000122,0.071686268
639.2999878,0.07205118
639.4000244,0.072329095
639.5,0.072480449
639.5999756,0.072548849
639.7000122,0.072496706
639.7999878,0.072342433
639.9000244,0.072047912
640,0.071678892
640.0999756,0.071152441
640.2000122,0.070535369
640.2999878,0.069802763
640.4000244,0.068960273
640.5,0.068004235
640.5999756,0.066948559
640.7000122,0.065782623
640.7999878,0.064517164
640.9000244,0.06315356
641,0.061710586
641.0999756,0.060164664
641.2000122,0.058574522
641.2999878,0.056876106
641.4000244,0.055097533
641.5,0.05325537
641.5999756,0.051361877
641.7000122,0.049394616
641.7999878,0.047388413
641.9000244,0.045330995
642,0.043252708
642.0999756,0.041151674
642.2000122,0.039027642
642.2999878,0.036913907
642.4000244,0.034769584
642.5,0.032641827
642.5999756,0.030517015
642.7000122,0.028408875
642.7999878,0.02633476
642.9000244,0.025939428
643,0.035297947
643.0999756,0.036894708
643.2000122,0.038511366
643.2999878,0.040133283
643.4000244,0.041766071
643.5,0.043397353
643.5999756,0.045022518
643.7000122,0.046647063
643.7999878,0.048263549
643.9000244,0.04986101
644,0.051437263
644.0999756,0.053018733
644.2000122,0.054577029
644.2999878,0.056105686
644.4000244,0.057614575
644.5,0.05906145
644.5999756,0.06048377
644.7000122,0.061849426
644.7999878,0.063173056
644.9000244,0.064450712
645,0.065662816
645.0999756,0.066793695
645.2000122,0.067843188
645.2999878,0.068819203
645.4000244,0.069726155
645.5,0.070552739
645.5999756,0.071302936
645.7000122,0.071951859
645.7999878,0.072509563
645.9000244,0.073003445
646,0.073360419
646.0999756,0.073642899
646.2000122,0.073824218
646.2999878,0.073909623
646.4000244,0.073874928
646.5,0.073741277
646.5999756,0.073508046
646.7000122,0.07314429
646.7999878,0.07268678
646.9000244,0.07212784
647,0.071460889
647.0999756,0.070674963
647.2000122,0.069768191
647.2999878,0.068772259
647.4000244,0.067666204
647.5,0.0664544
647.5999756,0.06517187
647.7000122,0.06375543
647.7999878,0.062270338
647.9000244,0.06070985
648,0.059062424
648.0999756,0.05736873
648.2000122,0.055579781
648.2999878,0.053741783
648.4000244,0.051835873
648.5,0.049872228
648.5999756,0.047870779
648.7000122,0.045821641
648.7999878,0.043744909
648.9000244,0.041626804
649,0.039507452
649.0999756,0.037382124
649.2000122,0.035222595
649.2999878,0.033079736
649.4000244,0.030941698
649.5,0.028831311
649.5999756,0.026746804
649.7000122,0.024702352
649.7999878,0.035869791
649.9000244,0.037449862
650,0.039054724
650.0999756,0.040663872
650.2000122,0.04229274
650.2999878,0.04391501
650.4000244,0.045537512
650.5,0.047155562
650.5999756,0.048765037
650.7000122,0.050369164
650.7999878,0.051952181
650.9000244,0.05351636
651,0.055050203
651.0999756,0.056584406
651.2000122,0.058106906
651.2999878,0.059575978
651.4000244,0.061019519
651.5,0.062412276
651.5999756,0.063771464
651.7000122,0.065061156
651.7999878,0.066313428
651.9000244,0.067468186
652,0.068598453
652.0999756,0.069621359
652.2000122,0.070557821
652.2999878,0.071431301
652.4000244,0.072233081
652.5,0.072936609
652.5999756,0.073553017
652.7000122,0.074071308
652.7999878,0.074527182
652.9000244,0.074855336
653,0.07510455
653.0999756,0.075256729
653.2000122,0.075330416
653.2999878,0.075293707
653.4000244,0.075137046
653.5,0.074889989
653.5999756,0.074536035
653.7000122,0.074067939
653.7999878,0.073493773
653.9000244,0.072820848
654,0.072051774
654.0999756,0.071153192
654.2000122,0.070159701
654.2999878,0.069065747
654.4000244,0.067879802
654.5,0.066592319
654.5999756,0.065218736
654.7000122,0.063739089
654.7999878,0.06221969
654.9000244,0.060603926
655,0.058929912
655.0999756,0.057153479
655.2000122,0.055313349
655.2999878,0.053408691
655.4000244,0.051459004
655.5,0.049446907
655.5999756,0.047389465
655.7000122,0.045317619
655.7999878,0.043196951
655.9000244,0.041059669
656,0.038944386
656.0999756,0.036801332
656.2000122,0.034654358
656.2999878,0.032529524
656.4000244,0.03041057
656.5,0.028314893
656.5999756,0.026255006
656.7000122,0.036031262
656.7999878,0.037643681
656.9000244,0.039277302
657,0.040911493
657.0999756,0.042551063
657.2000122,0.044194339
657.2999878,0.04583752
657.4000244,0.047481737
657.5,0.049103439
657.5999756,0.050734132
657.7000122,0.052348042
657.7999878,0.05395079
657.9000244,0.055540572
658,0.057098866
658.0999756,0.05864069
658.2000122,0.060133334
658.2999878,0.061608153
658.4000244,0.063032331
658.5,0.064420273
658.5999756,0.065749079
658.7000122,0.067037455
658.7999878,0.068261713
658.9000244,0.069426328
659,0.070534067
659.0999756,0.071602353
659.2000122,0.072571923
659.2999878,0.073488374
659.4000244,0.074318559
659.5,0.075066875
659.5999756,0.075694292
659.7000122,0.076217884
659.7999878,0.076665284
659.9000244,0.077003465
660,0.077269502
660.0999756,0.077415023
660.2000122,0.077476422
660.2999878,0.077436265
660.4000244,0.077285773
660.5,0.077047391
660.5999756,0.076700906
660.7000122,0.076239156
660.7999878,0.075695653
660.9000244,0.075032485
661,0.074257865
661.0999756,0.073351395
661.2000122,0.072351515
661.2999878,0.071253705
661.4000244,0.070073188
661.5,0.06877851
661.5999756,0.0674141
661.7000122,0.065954563
661.7999878,0.064393476
661.9000244,0.062763433
662,0.06106059
662.0999756,0.059290574
662.2000122,0.057453265
662.2999878,0.055568894
662.4000244,0.053610482
662.5,0.051610357
662.5999756,0.049580068
662.7000122,0.047505727
662.7999878,0.045398469
662.9000244,0.043267143
663,0.041121632
663.0999756,0.038977832
663.2000122,0.036816916
663.2999878,0.034668679
663.4000244,0.032531715
663.5,0.030416665
663.5999756,0.028327725
663.7000122,0.026292866
663.7999878,0.036289967
663.9000244,0.037843623
664,0.039388772
664.0999756,0.040971203
664.2000122,0.042566034
664.2999878,0.044156794
664.4000244,0.045753558
664.5,0.047359383
664.5999756,0.04895222
664.7000122,0.050544006
664.7999878,0.052139652
664.9000244,0.053710437
665,0.055246807
665.0999756,0.056760267
665.2000122,0.058235905
665.2999878,0.059697313
665.4000244,0.06112654
665.5,0.062518222
665.5999756,0.063867781
665.7000122,0.065167685
665.7999878,0.066397552
665.9000244,0.067608593
666,0.068755931
666.0999756,0.06983591
666.2000122,0.070886144
666.2999878,0.071848252
666.4000244,0.07274114
666.5,0.073574254
666.5999756,0.074324608
666.7000122,0.074995417
666.7999878,0.075583954
666.9000244,0.076095259
667,0.07651123
667.0999756,0.076855387
667.2000122,0.077088083
667.2999878,0.077257645
667.4000244,0.077316096
667.5,0.077269483
667.5999756,0.0771401
667.7000122,0.076903511
667.7999878,0.076559141
667.9000244,0.0761451
668,0.07559982
668.0999756,0.074943058
668.2000122,0.074173099
668.2999878,0.073320825
668.4000244,0.072362772
668.5,0.071304134
668.5999756,0.070158226
668.7000122,0.068934878
668.7999878,0.067610896
668.9000244,0.066193358
669,0.06469578
669.0999756,0.063136593
669.2000122,0.061518964
669.2999878,0.059828738
669.4000244,0.058058633
669.5,0.056223453
669.5999756,0.054342476
669.7000122,0.052400965
669.7999878,0.050415377
669.9000244,0.048407015
670,0.046361288
670.0999756,0.044284285
670.2000122,0.042231492
670.2999878,0.04012222
670.4000244,0.038013991
670.5,0.035900142
670.5999756,0.033794523
670.7000122,0.031703657
670.7999878,0.029638112
670.9000244,0.027598696
671,0.025585335
671.0999756,0.037510594
671.2000122,0.039079985
671.2999878,0.040656723
671.4000244,0.042256852
671.5,0.043856014
671.5999756,0.045443878
671.7000122,0.047041071
671.7999878,0.048644933
671.9000244,0.05025645
672,0.051837945
672.0999756,0.053429717
672.2000122,0.054986286
672.2999878,0.05653285
672.4000244,0.058067092
672.5,0.059569147
672.5999756,0.061023647
672.7000122,0.062465978
672.7999878,0.06387985
672.9000244,0.065235105
673,0.066573486
673.0999756,0.06785572
673.2000122,0.069103018
673.2999878,0.070282619
673.4000244,0.071419023
673.5,0.072488627
673.5999756,0.073469796
673.7000122,0.074416652
673.7999878,0.075284731
673.9000244,0.076080214
674,0.076806504
674.0999756,0.077415717
674.2000122,0.07794311
674.2999878,0.078400656
674.4000244,0.07875507
674.5,0.079022583
674.5999756,0.079180007
674.7000122,0.079253865
674.7999878,0.079233219
674.9000244,0.079116328
675,0.078894709
675.0999756,0.078597238
675.2000122,0.078177892
675.2999878,0.077699394
675.4000244,0.077090486
675.5,0.076391984
675.5999756,0.075588056
675.7000122,0.07471249
675.7999878,0.073719064
675.9000244,0.072646533
676,0.071475645
676.0999756,0.070207647
676.2000122,0.068858659
676.2999878,0.067427867
676.4000244,0.065922861
676.5,0.06433447
676.5999756,0.062668513
676.7000122,0.060950122
676.7999878,0.059159763
676.9000244,0.057313463
677,0.055409705
677.0999756,0.053481775
677.2000122,0.051480504
677.2999878,0.049459146
677.4000244,0.047407998
677.5,0.045319024
677.5999756,0.043229774
677.7000122,0.041135327
677.7999878,0.039009507
677.9000244,0.036883136
678,0.034769719
678.0999756,0.032659519
678.2000122,0.030563492
678.2999878,0.028500564
678.4000244,0.026474508
678.5,0.038308673
678.5999756,0.039861957
678.7000122,0.041435224
678.7999878,0.043027041
678.9000244,0.044618569
679,0.046192933
679.0999756,0.047789318
679.2000122,0.049416439
679.2999878,0.051013685
679.4000244,0.052610613
679.5,0.054186802
679.5999756,0.055772186
679.7000122,0.057319493
679.7999878,0.058863045
679.9000244,0.060371636
680,0.06183138
680.0999756,0.063285375
680.2000122,0.064706844
680.2999878,0.066070075
680.4000244,0.067414121
680.5,0.068698564
680.5999756,0.069943166
680.7000122,0.071138176
680.7999878,0.072276982
680.9000244,0.073364191
681,0.074363341
681.0999756,0.075299899
681.2000122,0.07613793
681.2999878,0.07692792
681.4000244,0.077621062
681.5,0.078269297
681.5999756,0.078814975
681.7000122,0.079279109
681.7999878,0.079683907
681.9000244,0.079979185
682,0.080187469
682.0999756,0.080353963
682.2000122,0.080415552
682.2999878,0.0803933
682.4000244,0.080285867
682.5,0.080068335
682.5999756,0.079764164
682.7000122,0.079372476
682.7999878,0.078869857
682.9000244,0.078279142
683,0.077593727
683.0999756,0.076825812
683.2000122,0.07593364
683.2999878,0.074979664
683.4000244,0.073910986
683.5,0.07276233
683.5999756,0.071526349
683.7000122,0.070213834
683.7999878,0.068798867
683.9000244,0.067324712
684,0.065763164
684.0999756,0.064170829
684.2000122,0.062480562
684.2999878,0.060726365
684.4000244,0.05893084
684.5,0.057062379
684.5999756,0.055156084
684.7000122,0.053192622
684.7999878,0.051187354
684.9000244,0.049173431
685,0.047110676
685.0999756,0.045050919
685.2000122,0.042962522
685.2999878,0.040856506
685.4000244,0.038747122
685.5,0.036644766
685.5999756,0.034542829
685.7000122,0.032458622
685.7999878,0.03040012
685.9000244,0.02836199
686,0.030070021
686.0999756,0.039193181
686.2000122,0.040752413
686.2999878,0.042319451
686.4000244,0.043897845
686.5,0.045481661
686.5999756,0.047070164
686.7000122,0.048661262
686.7999878,0.05025663
686.9000244,0.051822371
687,0.053397301
687.0999756,0.05494665
687.2000122,0.056480709
687.2999878,0.057995822
687.4000244,0.059490962
687.5,0.060963114
687.5999756,0.062420508
687.7000122,0.06382447
687.7999878,0.065194532
687.9000244,0.066546108
688,0.067848669
688.0999756,0.069118668
688.2000122,0.070336445
688.2999878,0.071511641
688.4000244,0.072643361
688.5,0.073703565
688.5999756,0.074721444
688.7000122,0.075662946
688.7999878,0.07655496
688.9000244,0.077380909
689,0.078089754
689.0999756,0.078809727
689.2000122,0.079407476
689.2999878,0.079935718
689.4000244,0.080384745
689.5,0.080743881
689.5999756,0.081027555
689.7000122,0.08124207
689.7999878,0.081336975
689.9000244,0.08137166
690,0.081318334
690.0999756,0.081142885
690.2000122,0.080892196
690.2999878,0.080566231
690.4000244,0.080123009
690.5,0.079595633
690.5999756,0.078984521
690.7000122,0.078257648
690.7999878,0.077465313
690.9000244,0.07658136
691,0.07560418
691.0999756,0.074550349
691.2000122,0.073402534
691.2999878,0.072171235
691.4000244,0.070858311
691.5,0.0694605
691.5999756,0.068000851
691.7000122,0.066473276
691.7999878,0.064850569
691.9000244,0.063181066
692,0.061455804
692.0999756,0.059668003
692.2000122,0.057831446
692.2999878,0.055934597
692.4000244,0.054011037
692.5,0.052026112
692.5999756,0.050025059
692.7000122,0.047984093
692.7999878,0.045929048
692.9000244,0.043853028
693,0.041762654
693.0999756,0.039702733
693.2000122,0.037612696
693.2999878,0.035523798
693.4000244,0.033455782
693.5,0.031406883
693.5999756,0.029383031
693.7000122,0.027382431
693.7999878,0.038593976
693.9000244,0.040104875
694,0.041626778
694.0999756,0.043148331
694.2000122,0.044687624
694.2999878,0.046221788
694.4000244,0.047753859
694.5,0.049290197
694.5999756,0.05082269
694.7000122,0.052354134
694.7999878,0.053865955
694.9000244,0.055384313
695,0.056888066
695.0999756,0.05839476
695.2000122,0.059872032
695.2999878,0.061332398
695.4000244,0.062776527
695.5,0.064172818
695.5999756,0.065558448
695.7000122,0.066912115
695.7999878,0.068208671
695.9000244,0.069465258
696,0.070700118
696.0999756,0.071887993
696.2000122,0.073005752
696.2999878,0.074093255
696.4000244,0.075111254
696.5,0.076102259
696.5999756,0.076994505
696.7000122,0.077846979
696.7999878,0.078618413
696.9000244,0.079314063
697,0.079970192
697.0999756,0.080509157
697.2000122,0.081005383
697.2999878,0.081391118
697.4000244,0.081713612
697.5,0.081954422
697.5999756,0.082103678
697.7000122,0.082193296
697.7999878,0.082172752
697.9000244,0.082073623
698,0.081878354
698.0999756,0.081611715
698.2000122,0.081239357
698.2999878,0.080794175
698.4000244,0.080250483
698.5,0.079618526
698.5999756,0.078889346
698.7000122,0.078087825
698.7999878,0.077183568
698.9000244,0.076208404
699,0.075131927
699.0999756,0.073989592
699.2000122,0.072764939
699.2999878,0.071447424
699.4000244,0.070046955
699.5,0.068600389
699.5999756,0.067057158
699.7000122,0.065472013
699.7999878,0.06380385
699.9000244,0.062105627
700,0.060329322
700.0999756,0.058476745
700.2000122,0.056586603
700.2999878,0.054640336
700.4000244,0.052676659
700.5,0.050662297
700.5999756,0.048635917
700.7000122,0.046576019
700.7999878,0.044513146
700.9000244,0.042449961
701,0.04037482
701.0999756,0.038291149
701.2000122,0.036210463
701.2999878,0.034149665
701.4000244,0.032106614
701.5,0.030093205
701.5999756,0.02809979
701.7000122,0.038597713
701.7999878,0.040075976
701.9000244,0.041560112
702,0.043052557
702.0999756,0.044564125
702.2000122,0.046078627
702.2999878,0.04760478
702.4000244,0.049128621
702.5,0.050645903
702.5999756,0.052153718
702.7000122,0.053665788
702.7999878,0.055164318
702.9000244,0.056662676
703,0.058135671
703.0999756,0.05959903
703.2000122,0.061030286
703.2999878,0.062439094
703.4000244,0.06384187
703.5,0.065195827
703.5999756,0.066519543
703.7000122,0.067796429
703.7999878,0.069062931
703.9000244,0.070290607
704,0.0714538
704.0999756,0.072594271
704.2000122,0.073673393
704.2999878,0.074715096
704.4000244,0.075697209
704.5,0.076621807
704.5999756,0.077463985
704.7000122,0.078285209
704.7999878,0.079018215
704.9000244,0.079702141
705,0.080287025
705.0999756,0.080809495
705.2000122,0.081300683
705.2999878,0.081667528
705.4000244,0.081982841
705.5,0.082211522
705.5999756,0.082344064
705.7000122,0.08243684
705.7999878,0.082407071
705.9000244,0.082319029
706,0.082137879
706.0999756,0.081829825
706.2000122,0.081461381
706.2999878,0.080991733
706.4000244,0.080461199
706.5,0.079821428
706.5999756,0.079113722
706.7000122,0.078314323
706.7999878,0.077440976
706.9000244,0.076469728
707,0.075418388
707.0999756,0.074296269
707.2000122,0.073103137
707.2999878,0.071829038
707.4000244,0.070481317
707.5,0.069064359
707.5999756,0.067573034
707.7000122,0.066039507
707.7999878,0.06443024
707.9000244,0.062762612
708,0.061042859
708.0999756,0.059263465
708.2000122,0.057444398
708.2999878,0.055578384
708.4000244,0.053662627
708.5,0.051739558
708.5999756,0.049775516
708.7000122,0.047802473
708.7999878,0.045798195
708.9000244,0.043788559
709,0.041753956
709.0999756,0.039731836
709.2000122,0.037716406
709.2999878,0.035698391
709.4000244,0.033692309
709.5,0.031708501
709.5999756,0.029751962
709.7000122,0.027817974
709.7999878,0.03797498
709.9000244,0.039379029
710,0.040804527
710.0999756,0.042245848
710.2000122,0.043703234
710.2999878,0.045152394
710.4000244,0.046605673
710.5,0.04807431
710.5999756,0.049532494
710.7000122,0.050999295
710.7999878,0.052454554
710.9000244,0.053897233
711,0.055324156
711.0999756,0.056747327
711.2000122,0.058146325
711.2999878,0.059498926
711.4000244,0.060846295
711.5,0.062168487
711.5999756,0.063484212
711.7000122,0.064759994
711.7999878,0.065997025
711.9000244,0.067207979
712,0.068388059
712.0999756,0.069521943
712.2000122,0.070608052
712.2999878,0.071650519
712.4000244,0.072656062
712.5,0.073602126
712.5999756,0.074504301
712.7000122,0.075352617
712.7999878,0.07614492
712.9000244,0.076871209
713,0.077552633
713.0999756,0.07817866
713.2000122,0.078740197
713.2999878,0.079235321
713.4000244,0.079650506
713.5,0.080016518
713.5999756,0.080294521
713.7000122,0.080507671
713.7999878,0.080662451
713.9000244,0.080709137
714,0.080703514
714.0999756,0.080613213
714.2000122,0.080444112
714.2999878,0.080196334
714.4000244,0.079872203
714.5,0.079465798
714.5999756,0.078979187
714.7000122,0.078421373
714.7999878,0.077797934
714.9000244,0.077094525
715,0.076313043
715.0999756,0.075419126
715.2000122,0.074449222
715.2999878,0.073404352
715.4000244,0.072297392
715.5,0.071108404
715.5999756,0.06985123
715.7000122,0.068525026
715.7999878,0.067133982
715.9000244,0.065680696
716,0.064168903
716.0999756,0.06261672
716.2000122,0.061008848
716.2999878,0.059351088
716.4000244,0.057649782
716.5,0.055916567
716.5999756,0.054128333
716.7000122,0.052303857
716.7999878,0.050451185
716.9000244,0.048568548
717,0.046664451
717.0999756,0.044742767
717.2000122,0.04280654
717.2999878,0.040864243
717.4000244,0.038915937
717.5,0.036990304
717.5999756,0.035051589
717.7000122,0.033122916
717.7999878,0.031209503
717.9000244,0.029318211
718,0.027453723
718.0999756,0.037650587
718.2000122,0.039014071
718.2999878,0.040386482
718.4000244,0.041768126
718.5,0.043154773
718.5999756,0.044531814
718.7000122,0.045926925
718.7999878,0.047320917
718.9000244,0.048715432
719,0.050105302
719.0999756,0.051510716
719.2000122,0.052910482
719.2999878,0.054299738
719.4000244,0.055679975
719.5,0.057045798
719.5999756,0.058384128
719.7000122,0.059717319
719.7999878,0.061031245
719.9000244,0.062322368
720,0.063588724
720.0999756,0.064809357
720.2000122,0.065992452
720.2999878,0.067142599
720.4000244,0.068257111
720.5,0.069333768
720.5999756,0.070360226
720.7000122,0.071356096
720.7999878,0.072305536
720.9000244,0.073208904
721,0.074062811
721.0999756,0.074893648
721.2000122,0.07567234
721.2999878,0.076395074
721.4000244,0.077061906
721.5,0.077668764
721.5999756,0.078212521
721.7000122,0.078693024
721.7999878,0.079111997
721.9000244,0.079465017
722,0.079749656
722.0999756,0.079966545
722.2000122,0.080113024
722.2999878,0.080187418
722.4000244,0.080188471
722.5,0.080115718
722.5999756,0.079968549
722.7000122,0.079748849
722.7999878,0.079451679
722.9000244,0.079078331
723,0.078628896
723.0999756,0.078067784
723.2000122,0.077430973
723.2999878,0.076719448
723.4000244,0.075933921
723.5,0.075075036
723.5999756,0.074144425
723.7000122,0.073151238
723.7999878,0.0720802
723.9000244,0.070940131
724,0.069734984
724.0999756,0.068489338
724.2000122,0.067179991
724.2999878,0.065811985
724.4000244,0.064383853
724.5,0.062900979
724.5999756,0.061364762
724.7000122,0.059794458
724.7999878,0.058162503
724.9000244,0.056486426
725,0.054771127
725.0999756,0.053018982
725.2000122,0.05123447
725.2999878,0.049420715
725.4000244,0.047581934
725.5,0.045726442
725.5999756,0.043858422
725.7000122,0.041994752
725.7999878,0.040110585
725.9000244,0.038219681
726,0.036331777
726.0999756,0.03443966
726.2000122,0.032557614
726.2999878,0.030695295
726.4000244,0.028852424
726.5,0.02703582
726.5999756,0.037405944
726.7000122,0.038726984
726.7999878,0.040055884
726.9000244,0.041394147
727,0.042737705
727.0999756,0.044093594
727.2000122,0.045453297
727.2999878,0.046813579
727.4000244,0.048174971
727.5,0.049519372
727.5999756,0.050873369
727.7000122,0.052222246
727.7999878,0.053561952
727.9000244,0.054893028
728,0.056210373
728.0999756,0.057544154
728.2000122,0.058861849
728.2999878,0.060163071
728.4000244,0.061444436
728.5,0.062694914
728.5999756,0.063926508
728.7000122,0.065137038
728.7999878,0.066317824
728.9000244,0.06746853
729,0.068585425
729.0999756,0.069649136
729.2000122,0.070675188
729.2999878,0.071661352
729.4000244,0.072604409
729.5,0.073502637
729.5999756,0.074345574
729.7000122,0.075149478
729.7999878,0.075897974
729.9000244,0.076566624
730,0.077178922
730.0999756,0.07772023
730.2000122,0.0782027
730.2999878,0.078624323
730.4000244,0.07898393
730.5,0.079280192
730.5999756,0.079509107
730.7000122,0.079675212
730.7999878,0.079774058
730.9000244,0.079804892
731,0.079766631
731.0999756,0.07968988
731.2000122,0.079542454
731.2999878,0.079324004
731.4000244,0.079034015
731.5,0.078672283
731.5999756,0.078243267
731.7000122,0.077737569
731.7999878,0.07716116
731.9000244,0.076512189
732,0.075792796
732.0999756,0.074983549
732.2000122,0.07410425
732.2999878,0.073157819
732.4000244,0.072143745
732.5,0.071064308
732.5999756,0.069926122
732.7000122,0.068728519
732.7999878,0.067463711
732.9000244,0.066139025
733,0.064761147
733.0999756,0.063312204
733.2000122,0.061813494
733.2999878,0.06026764
733.4000244,0.058675935
733.5,0.057044442
733.5999756,0.055374188
733.7000122,0.053685116
733.7999878,0.051949374
733.9000244,0.050184321
734,0.048395881
734.0999756,0.046612254
734.2000122,0.044808743
734.2999878,0.042991536
734.4000244,0.041165334
734.5,0.039331746
734.5999756,0.037498454
734.7000122,0.035683306
734.7999878,0.033859011
734.9000244,0.032043457
735,0.030249655
735.0999756,0.02846636
735.2000122,0.026706906
735.2999878,0.037147875
735.4000244,0.038431341
735.5,0.039723111
735.5999756,0.041023051
735.7000122,0.042330322
735.7999878,0.043641378
735.9000244,0.044956461
736,0.046272347
736.0999756,0.047572436
736.2000122,0.04885823
736.2999878,0.050151777
736.4000244,0.051439799
736.5,0.052719304
736.5999756,0.05398866
736.7000122,0.055247343
736.7999878,0.056491746
736.9000244,0.057721095
737,0.058932387
737.0999756,0.060145094
737.2000122,0.061326846
737.2999878,0.06249643
737.4000244,0.063642381
737.5,0.064760256
737.5999756,0.065850291
737.7000122,0.066909096
737.7999878,0.067934232
737.9000244,0.068925425
738,0.069878285
738.0999756,0.070816826
738.2000122,0.071706269
738.2999878,0.072561892
738.4000244,0.073373465
738.5,0.074138629
738.5999756,0.074855923
738.7000122,0.075523211
738.7999878,0.076138918
738.9000244,0.076701249
739,0.077208533
739.0999756,0.077620015
739.2000122,0.07797152
739.2999878,0.078263418
739.4000244,0.078496283
739.5,0.078666705
739.5999756,0.078773907
739.7000122,0.078816862
739.7999878,0.078797323
739.9000244,0.078721682
740,0.078579765
740.0999756,0.078400417
740.2000122,0.078153258
740.2999878,0.07784182
740.4000244,0.07745904
740.5,0.077008009
740.5999756,0.076488662
740.7000122,0.075900848
740.7999878,0.075245671
740.9000244,0.07452247
741,0.073733802
741.0999756,0.072878325
741.2000122,0.071958359
741.2999878,0.070984545
741.4000244,0.0699389
741.5,0.068832226
741.5999756,0.067666375
741.7000122,0.066441438
741.7999878,0.065161267
741.9000244,0.063827971
742,0.062443232
742.0999756,0.060994525
742.2000122,0.059498884
742.2999878,0.057976195
742.4000244,0.056397413
742.5,0.054782546
742.5999756,0.053133224
742.7000122,0.051451481
742.7999878,0.049745762
742.9000244,0.04801164
743,0.046260625
743.0999756,0.044483341
743.2000122,0.042691873
743.2999878,0.040896397
743.4000244,0.039109079
743.5,0.037305928
743.5999756,0.035506594
743.7000122,0.033714467
743.7999878,0.03193407
743.9000244,0.030168254
744,0.028422846
744.0999756,0.026713654
744.2000122,0.025031746
744.2999878,0.038247333
744.4000244,0.03951985
744.5,0.040799689
744.5999756,0.042087648
744.7000122,0.043383355
744.7999878,0.044680787
744.9000244,0.045982894
745,0.047289101
745.0999756,0.048582271
745.2000122,0.04988622
745.2999878,0.051187172
745.4000244,0.052483528
745.5,0.053773208
745.5999756,0.055054239
745.7000122,0.056325192
745.7999878,0.057584419
745.9000244,0.058830343
746,0.060059747
746.0999756,0.061223699
746.2000122,0.062380103
746.2999878,0.063512552
746.4000244,0.064621621
746.5,0.065703208
746.5999756,0.066756263
746.7000122,0.067780344
746.7999878,0.06877055
746.9000244,0.069728122
747,0.070649328
747.0999756,0.071542225
747.2000122,0.072393956
747.2999878,0.073209743
747.4000244,0.073983512
747.5,0.074711964
747.5999756,0.075394318
747.7000122,0.076028887
747.7999878,0.076613766
747.9000244,0.077147903
748,0.077628745
748.0999756,0.078095645
748.2000122,0.07850419
748.2999878,0.078860481
748.4000244,0.079158477
748.5,0.079397605
748.5999756,0.079576363
748.7000122,0.079693984
748.7999878,0.079749158
748.9000244,0.079741357
749,0.079669242
749.0999756,0.079501851
749.2000122,0.07927215
749.2999878,0.078975238
749.4000244,0.078612275
749.5,0.078183456
749.5999756,0.077689261
749.7000122,0.077128668
749.7999878,0.076503656
749.9000244,0.075812311
750,0.07505745
750.0999756,0.074224059
750.2000122,0.073333166
750.2999878,0.072372113
750.4000244,0.071350597
750.5,0.070270721
750.5999756,0.069132549
750.7000122,0.067937618
750.7999878,0.066689231
750.9000244,0.065388901
751,0.064037548
751.0999756,0.062635588
751.2000122,0.061200925
751.2999878,0.059713099
751.4000244,0.058180887
751.5,0.056611534
751.5999756,0.05500801
751.7000122,0.05337044
751.7999878,0.051706514
751.9000244,0.050012348
752,0.048299081
752.0999756,0.046580724
752.2000122,0.044844417
752.2999878,0.04311268
752.4000244,0.041353501
752.5,0.039589691
752.5999756,0.037823338
752.7000122,0.036056931
752.7999878,0.034297374
752.9000244,0.032545536
753,0.030809084
753.0999756,0.029082259
753.2000122,0.027379134
753.2999878,0.025716587
753.4000244,0.038302655
753.5,0.039527711
753.5999756,0.040773283
753.7000122,0.042025577
753.7999878,0.043283467
753.9000244,0.044546141
754,0.045810677
754.0999756,0.04707004
754.2000122,0.048329252
754.2999878,0.049586442
754.4000244,0.050836975
754.5,0.052075211
754.5999756,0.053293728
754.7000122,0.054517208
754.7999878,0.055728235
754.9000244,0.056928992
755,0.058114971
755.0999756,0.059305854
755.2000122,0.060481228
755.2999878,0.061636408
755.4000244,0.06277367
755.5,0.063888461
755.5999756,0.064968151
755.7000122,0.066034439
755.7999878,0.067073084
755.9000244,0.068084026
756,0.069063286
756.0999756,0.069996018
756.2000122,0.070895147
756.2999878,0.071757912
756.4000244,0.072582617
756.5,0.073366828
756.5999756,0.07410234
756.7000122,0.074803783
756.7999878,0.075460378
756.9000244,0.076070551
757,0.076633823
757.0999756,0.077142784
757.2000122,0.077601601
757.2999878,0.078008914
757.4000244,0.07836301
757.5,0.07866316
757.5999756,0.078905673
757.7000122,0.079094702
757.7999878,0.07922651
757.9000244,0.079300162
758,0.079314743
758.0999756,0.079295311
758.2000122,0.079215638
758.2999878,0.079074889
758.4000244,0.07887256
758.5,0.078608107
758.5999756,0.078278086
758.7000122,0.077889923
758.7999878,0.077435845
758.9000244,0.076919519
759,0.076341754
759.0999756,0.07566807
759.2000122,0.074933836
759.2999878,0.074140256
759.4000244,0.073286962
759.5,0.072375624
759.5999756,0.071407337
759.7000122,0.070392369
759.7999878,0.069316753
759.9000244,0.068190129
760,0.067012363
760.0999756,0.065774699
760.2000122,0.06448709
760.2999878,0.06315519
760.4000244,0.061777611
760.5,0.060358212
760.5999756,0.058901134
760.7000122,0.057419276
760.7999878,0.055889312
760.9000244,0.054326136
761,0.052734903
761.0999756,0.051149777
761.2000122,0.049538176
761.2999878,0.047904455
761.4000244,0.046251192
761.5,0.044581966
761.5999756,0.042899307
761.7000122,0.041223097
761.7999878,0.039523929
761.9000244,0.037821371
762,0.03611915
762.0999756,0.034405349
762.2000122,0.032698724
762.2999878,0.031005309
762.4000244,0.029326795
762.5,0.027668534
762.5999756,0.026034053
762.7000122,0.036936868
762.7999878,0.038101819
762.9000244,0.039275042
763,0.040453288
763.0999756,0.041630544
763.2000122,0.042811797
763.2999878,0.043995928
763.4000244,0.045181075
763.5,0.04635617
763.5999756,0.047535267
763.7000122,0.048716252
763.7999878,0.04989162
763.9000244,0.051062512
764,0.05222602
764.0999756,0.05339942
764.2000122,0.054564918
764.2999878,0.055719224
764.4000244,0.056861654
764.5,0.057990585
764.5999756,0.059092996
764.7000122,0.060191038
764.7999878,0.061268768
764.9000244,0.062328632
765,0.063365741
765.0999756,0.064368484
765.2000122,0.065338724
765.2999878,0.066250215
765.4000244,0.067133243
765.5,0.06798424
765.5999756,0.068794994
765.7000122,0.069580462
765.7999878,0.070330629
765.9000244,0.071043402
766,0.071718023
766.0999756,0.072375378
766.2000122,0.072992065
766.2999878,0.073566678
766.4000244,0.074097788
766.5,0.074583986
766.5999756,0.075019606
766.7000122,0.075413461
766.7999878,0.075758484
766.9000244,0.076054471
767,0.076300143
767.0999756,0.076480476
767.2000122,0.076608713
767.2999878,0.076683692
767.4000244,0.076704921
767.5,0.076671666
767.5999756,0.076583649
767.7000122,0.076440336
767.7999878,0.076240745
767.9000244,0.075984677
768,0.075672593
768.0999756,0.07528207
768.2000122,0.074835187
768.2999878,0.074332174
768.4000244,0.073772873
768.5,0.07315854
768.5999756,0.072489015
768.7000122,0.071771323
768.7999878,0.07099355
768.9000244,0.070162677
769,0.06927949
769.0999756,0.068351814
769.2000122,0.06737277
769.2999878,0.066345299
769.4000244,0.065269548
769.5,0.064146683
769.5999756,0.062980194
769.7000122,0.061780391
769.7999878,0.060539634
769.9000244,0.059282004
770,0.057986066
770.0999756,0.056659765
770.2000122,0.055296761
770.2999878,0.053902605
770.4000244,0.052474754
770.5,0.051019552
770.5999756,0.049537888
770.7000122,0.048045561
770.7999878,0.046518128
770.9000244,0.044972176
771,0.043410929
771.0999756,0.041814181
771.2000122,0.040209039
771.2999878,0.03859924
771.4000244,0.036986318
771.5,0.035373992
771.5999756,0.033765784
771.7000122,0.0321787
771.7999878,0.030589426
771.9000244,0.029009767
772,0.027447333
772.0999756,0.025927757
772.2000122,0.024426075
772.2999878,0.035136696
772.4000244,0.036228875
772.5,0.037329084
772.5999756,0.038435709
772.7000122,0.039547825
772.7999878,0.040663938
772.9000244,0.041783717
773,0.042906278
773.0999756,0.043990233
773.2000122,0.045072028
773.2999878,0.046138966
773.4000244,0.047213926
773.5,0.048282796
773.5999756,0.049343855
773.7000122,0.050398369
773.7999878,0.051441921
773.9000244,0.052476026
774,0.053497538
774.0999756,0.054546081
774.2000122,0.055583226
774.2999878,0.056593908
774.4000244,0.057599845
774.5,0.058587445
774.5999756,0.05955699
774.7000122,0.060515761
774.7999878,0.061456355
774.9000244,0.062375554
775,0.063269653
775.0999756,0.064110967
775.2000122,0.064924798
775.2999878,0.065709037
775.4000244,0.06645601
775.5,0.067179167
775.5999756,0.067868572
775.7000122,0.068524527
775.7999878,0.069144081
775.9000244,0.069726989
776,0.070271724
776.0999756,0.070802402
776.2000122,0.071293419
776.2999878,0.071742371
776.4000244,0.072145321
776.5,0.072508817
776.5999756,0.072827987
776.7000122,0.073101931
776.7999878,0.073328725
776.9000244,0.073508631
777,0.073640332
777.0999756,0.073724718
777.2000122,0.073759578
777.2999878,0.073744152
777.4000244,0.073679044
777.5,0.073562032
777.5999756,0.073393459
777.7000122,0.073172864
777.7999878,0.072899817
777.9000244,0.072574728
778,0.072196659
778.0999756,0.071736147
778.2000122,0.071223759
778.2999878,0.070659315
778.4000244,0.070049959
778.5,0.069384064
778.5999756,0.0686676
778.7000122,0.067900854
778.7999878,0.067086195
778.9000244,0.06622166
779,0.065310608
779.0999756,0.064389813
779.2000122,0.063421488
779.2999878,0.062409723
779.4000244,0.061352702
779.5,0.060265448
779.5999756,0.059125639
779.7000122,0.057945917
779.7999878,0.056726207
779.9000244,0.055466428
780,0.054173443
780.0999756,0.05281067
780.2000122,0.051419175
780.2999878,0.050002121
780.4000244,0.048561177
780.5,0.047112873
780.5999756,0.045632781
780.7000122,0.044134257
780.7999878,0.042623283
780.9000244,0.041101202
781,0.039569538
781.0999756,0.038029823
781.2000122,0.03648552
781.2999878,0.034941916
781.4000244,0.033401105
781.5,0.031881034
781.5999756,0.030353723
781.7000122,0.028836339
781.7999878,0.027335292
781.9000244,0.025849684
782,0.024385398
782.0999756,0.022970186
782.2000122,0.035246014
782.2999878,0.036314326
782.4000244,0.037390408
782.5,0.038472457
782.5999756,0.039560386
782.7000122,0.040653515
782.7999878,0.041750592
782.9000244,0.042840414
783,0.043941643
783.0999756,0.044977345
783.2000122,0.046011062
783.2999878,0.047039041
783.4000244,0.048061174
783.5,0.049076796
783.5999756,0.050083795
783.7000122,0.051082669
783.7999878,0.052070114
783.9000244,0.053040134
784,0.053999439
784.0999756,0.054983576
784.2000122,0.055953224
784.2999878,0.056906248
784.4000244,0.057844358
784.5,0.058763358
784.5999756,0.059663358
784.7000122,0.060535464
784.7999878,0.061381289
784.9000244,0.062204608
785,0.062994173
785.0999756,0.063791829
785.2000122,0.064563142
785.2999878,0.065306849
785.4000244,0.066021667
785.5,0.066705909
785.5999756,0.067358774
785.7000122,0.067978819
785.7999878,0.06856495
785.9000244,0.069115712
786,0.069623382
786.0999756,0.07009896
786.2000122,0.070536753
786.2999878,0.070934565
786.4000244,0.071292686
786.5,0.071609169
786.5999756,0.071883224
786.7000122,0.072114478
786.7999878,0.072301544
786.9000244,0.072444018
787,0.072540265
787.0999756,0.07254708
787.2000122,0.072507376
787.2999878,0.072420481
787.4000244,0.072286045
787.5,0.072103883
787.5999756,0.071873651
787.7000122,0.071594971
787.7999878,0.071268152
787.9000244,0.070892652
788,0.070470234
788.0999756,0.070039898
788.2000122,0.069557844
788.2999878,0.06902765
788.4000244,0.068449096
788.5,0.067822784
788.5999756,0.067149622
788.7000122,0.066429112
788.7999878,0.06566263
788.9000244,0.064850883
789,0.063994383
789.0999756,0.063067402
789.2000122,0.062088609
789.2999878,0.061070679
789.4000244,0.060012477
789.5,0.058917817
789.5999756,0.057785624
789.7000122,0.056617596
789.7999878,0.055418007
789.9000244,0.054185063
790,0.052922966
790.0999756,0.05167792
790.2000122,0.05039259
790.2999878,0.049081608
790.4000244,0.047741774
790.5,0.046379403
790.5999756,0.044997784
790.7000122,0.043599361
790.7999878,0.042185645
790.9000244,0.04075837
791,0.039320582
791.0999756,0.03785819
791.2000122,0.036376158
791.2999878,0.034895293
791.4000244,0.033414469
791.5,0.031939748
791.5999756,0.030472135
791.7000122,0.029012989
791.7999878,0.02756666
791.9000244,0.026134536
792,0.024720098
792.0999756,0.023362268
792.2000122,0.022014608
792.2999878,0.034229363
792.4000244,0.035216523
792.5,0.036209271
792.5999756,0.037206023
792.7000122,0.038209046
792.7999878,0.039213622
792.9000244,0.040215164
793,0.041220334
793.0999756,0.042218703
793.2000122,0.043216734
793.2999878,0.044211736
793.4000244,0.045204981
793.5,0.046193406
793.5999756,0.047177254
793.7000122,0.048155953
793.7999878,0.049126248
793.9000244,0.05008952
794,0.051033302
794.0999756,0.051952438
794.2000122,0.052859185
794.2999878,0.053753372
794.4000244,0.054632328
794.5,0.055496085
794.5999756,0.056342874
794.7000122,0.057171921
794.7999878,0.057982102
794.9000244,0.058772217
795,0.059533526
795.0999756,0.060291704
795.2000122,0.061027726
795.2999878,0.06173873
795.4000244,0.062425171
795.5,0.063084958
795.5999756,0.063717248
795.7000122,0.064321622
795.7999878,0.064895769
795.9000244,0.065440319
796,0.065947342
796.0999756,0.066460517
796.2000122,0.066940471
796.2999878,0.067386405
796.4000244,0.067797807
796.5,0.068173437
796.5999756,0.068512623
796.7000122,0.068814502
796.7999878,0.069077742
796.9000244,0.069302475
797,0.069486385
797.0999756,0.069622664
797.2000122,0.069718853
797.2999878,0.069773385
797.4000244,0.069785444
797.5,0.069754869
797.5999756,0.069679925
797.7000122,0.069561181
797.7999878,0.069398205
797.9000244,0.069191036
798,0.068939375
798.0999756,0.068610821
798.2000122,0.068234555
798.2999878,0.067814793
798.4000244,0.06735035
798.5,0.066842454
798.5999756,0.066290758
798.7000122,0.065695469
798.7999878,0.065057954
798.9000244,0.06437739
799,0.063655568
799.0999756,0.062901949
799.2000122,0.062100434
799.2999878,0.061258806
799.4000244,0.060378393
799.5,0.059459706
799.5999756,0.058504211
799.7000122,0.057512906
799.7999878,0.056486662
799.9000244,0.055426988
800,0.054335015
800.0999756,0.053254551
800.2000122,0.05213551
800.2999878,0.050988546
800.4000244,0.049812251
800.5,0.048610443
800.5999756,0.047384667
800.7000122,0.046134708
800.7999878,0.044864585
800.9000244,0.043573974
801,0.042267617
801.0999756,0.040958205
801.2000122,0.039626612
801.2999878,0.038281757
801.4000244,0.036927505
801.5,0.035567938
801.5999756,0.034203364
801.7000122,0.032836152
801.7999878,0.031469735
801.9000244,0.030105252
802,0.028746368
802.0999756,0.02740759
802.2000122,0.026090446
802.2999878,0.024771261
802.4000244,0.023464748
802.5,0.022173831
802.5999756,0.033091237
802.7000122,0.03404812
802.7999878,0.03501121
802.9000244,0.035980048
803,0.03695485
803.0999756,0.037900407
803.2000122,0.038848723
803.2999878,0.039797952
803.4000244,0.040747912
803.5,0.041688199
803.5999756,0.042636164
803.7000122,0.043582697
803.7999878,0.044525874
803.9000244,0.045465806
804,0.046399521
804.0999756,0.047320161
804.2000122,0.048234707
804.2999878,0.049140213
804.4000244,0.050037604
804.5,0.050915233
804.5999756,0.051791872
804.7000122,0.052620788
804.7999878,0.053426766
804.9000244,0.054216742
805,0.054990941
805.0999756,0.055809906
805.2000122,0.056611535
805.2999878,0.057395432
805.4000244,0.058161084
805.5,0.058906961
805.5999756,0.059624316
805.7000122,0.060328176
805.7999878,0.061008601
805.9000244,0.06166613
806,0.062298065
806.0999756,0.062847048
806.2000122,0.063368807
806.2999878,0.063860982
806.4000244,0.064324148
806.5,0.064756227
806.5999756,0.065152769
806.7000122,0.065522344
806.7999878,0.065859033
806.9000244,0.066162782
807,0.066432183
807.0999756,0.066693852
807.2000122,0.066920002
807.2999878,0.067110267
807.4000244,0.06726419
807.5,0.067380532
807.5999756,0.067458134
807.7000122,0.067499003
807.7999878,0.067501252
807.9000244,0.067464249
808,0.06738784
808.0999756,0.067278509
808.2000122,0.067128865
808.2999878,0.066938979
808.4000244,0.066708651
808.5,0.066437601
808.5999756,0.066129002
808.7000122,0.065776535
808.7999878,0.065384172
808.9000244,0.064950773
809,0.064477357
809.0999756,0.063952482
809.2000122,0.063387999
809.2999878,0.062784845
809.4000244,0.062142043
809.5,0.061461461
809.5999756,0.060743093
809.7000122,0.059994425
809.7999878,0.059202729
809.9000244,0.058375037
810,0.05751253
810.0999756,0.056603979
810.2000122,0.055662849
810.2999878,0.05469404
810.4000244,0.053731458
810.5,0.052738386
810.5999756,0.051715643
810.7000122,0.050674632
810.7999878,0.04959783
810.9000244,0.048493764
811,0.047366317
811.0999756,0.046239688
811.2000122,0.045089896
811.2999878,0.043919898
811.4000244,0.042730132
811.5,0.041523308
811.5999756,0.040301872
811.7000122,0.039077684
811.7999878,0.037830056
811.9000244,0.036570974
812,0.035306156
812.0999756,0.03403796
812.2000122,0.032765254
812.2999878,0.031490113
812.4000244,0.030214327
812.5,0.028941222
812.5999756,0.027670808
812.7000122,0.026419103
812.7999878,0.025163579
812.9000244,0.023917521
813,0.022684602
813.0999756,0.021444367
813.2000122,0.031415899
813.2999878,0.032260423
813.4000244,0.033109594
813.5,0.033961491
813.5999756,0.034816104
813.7000122,0.035673184
813.7999878,0.036530991
813.9000244,0.037390337
814,0.038246075
814.0999756,0.039148786
814.2000122,0.040059716
814.2999878,0.040969864
814.4000244,0.041878931
814.5,0.042786915
814.5999756,0.043692047
814.7000122,0.04459197
814.7999878,0.045486581
814.9000244,0.046376419
815,0.04726034
815.0999756,0.048107684
815.2000122,0.04895566
815.2999878,0.049793833
815.4000244,0.050623197
815.5,0.051441001
815.5999756,0.052246677
815.7000122,0.053040331
815.7999878,0.053819073
815.9000244,0.054584729
816,0.055333251
816.0999756,0.056007472
816.2000122,0.056670394
816.2999878,0.057313863
816.4000244,0.057936777
816.5,0.058539028
816.5999756,0.059118664
816.7000122,0.05967548
816.7999878,0.060208506
816.9000244,0.060716862
817,0.061199806
817.0999756,0.061725076
817.2000122,0.062229775
817.2999878,0.06270723
817.4000244,0.063157702
817.5,0.063579474
817.5999756,0.063971763
817.7000122,0.064334689
817.7999878,0.064666644
817.9000244,0.064967384
818,0.065235671
818.0999756,0.065413497
818.2000122,0.065559015
818.2999878,0.065670634
818.4000244,0.065747314
818.5,0.065788684
818.5999756,0.0657942
818.7000122,0.06576371
818.7999878,0.065696721
818.9000244,0.065592814
819,0.065451906
819.0999756,0.065322125
819.2000122,0.065156643
819.2999878,0.064951467
819.4000244,0.064708159
819.5,0.064426252
819.5999756,0.064106559
819.7000122,0.063748112
819.7999878,0.063351564
819.9000244,0.062917132
820,0.062444726
820.0999756,0.061917056
820.2000122,0.061356926
820.2999878,0.060754344
820.4000244,0.060110441
820.5,0.059431349
820.5999756,0.058716471
820.7000122,0.057966293
820.7999878,0.057182954
820.9000244,0.056365524
821,0.055516512
821.0999756,0.05461893
821.2000122,0.053699936
821.2999878,0.05274297
821.4000244,0.051758046
821.5,0.050746314
821.5999756,0.049708791
821.7000122,0.048646363
821.7999878,0.047560351
821.9000244,0.046452341
822,0.045324032
822.0999756,0.044202145
822.2000122,0.043066897
822.2999878,0.041916501
822.4000244,0.040742154
822.5,0.039554461
822.5999756,0.038354613
822.7000122,0.037142813
822.7999878,0.035923384
822.9000244,0.034695083
823,0.033461732
823.0999756,0.03220942
823.2000122,0.030955355
823.2999878,0.029716064
823.4000244,0.028466098
823.5,0.027223543
823.5999756,0.025987228
823.7000122,0.024760364
823.7999878,0.02354528
823.9000244,0.022342867
824,0.021156794
824.0999756,0.01999232
824.2000122,0.031737098
824.2999878,0.032570369
824.4000244,0.03340905
824.5,0.034250404
824.5999756,0.035086216
824.7000122,0.035933488
824.7999878,0.036782343
824.9000244,0.037633189
825,0.038483404
825.0999756,0.039334101
825.2000122,0.040184486
825.2999878,0.041032459
825.4000244,0.041878926
825.5,0.042721898
825.5999756,0.043552577
825.7000122,0.044388275
825.7999878,0.045218155
825.9000244,0.046042562
826,0.046860109
826.0999756,0.047672503
826.2000122,0.048477919
826.2999878,0.04927398
826.4000244,0.050060091
826.5,0.050836098
826.5999756,0.051592166
826.7000122,0.052344795
826.7999878,0.053083153
826.9000244,0.053808311
827,0.05451797
827.0999756,0.055173815
827.2000122,0.055812405
827.2999878,0.056432384
827.4000244,0.05703399
827.5,0.057615056
827.5999756,0.058175995
827.7000122,0.058709906
827.7999878,0.059227565
827.9000244,0.059722557
828,0.060193698
828.0999756,0.060709215
828.2000122,0.06120077
828.2999878,0.061667478
828.4000244,0.062108601
828.5,0.062522232
828.5999756,0.062907032
828.7000122,0.063261583
828.7999878,0.063591426
828.9000244,0.063892584
829,0.064163858
829.0999756,0.064331367
829.2000122,0.064467711
829.2999878,0.06457181
829.4000244,0.064643687
829.5,0.064682686
829.5999756,0.064688466
829.7000122,0.064660677
829.7999878,0.064599493
829.9000244,0.06450413
830,0.064374463
830.0999756,0.064270834
830.2000122,0.064132198
830.2999878,0.063958245
830.4000244,0.06375402
830.5,0.063514954
830.5999756,0.063240293
830.7000122,0.062933117
830.7999878,0.062587071
830.9000244,0.062205479
831,0.061788331
831.0999756,0.061269356
831.2000122,0.060715721
831.2999878,0.060128576
831.4000244,0.059508168
831.5,0.058854511
831.5999756,0.058168713
831.7000122,0.057450528
831.7999878,0.056710121
831.9000244,0.055929574
832,0.055118501
832.0999756,0.054330042
832.2000122,0.053511149
832.2999878,0.052663824
832.4000244,0.051787022
832.5,0.050884372
832.5999756,0.049954856
832.7000122,0.048998867
832.7999878,0.04802936
832.9000244,0.047027091
833,0.04600258
833.0999756,0.044938272
833.2000122,0.043855712
833.2999878,0.042756136
833.4000244,0.04163963
833.5,0.040507468
833.5999756,0.039363217
833.7000122,0.038207479
833.7999878,0.03705363
833.9000244,0.035877691
834,0.034696647
834.0999756,0.033527894
834.2000122,0.032352749
834.2999878,0.031175133
834.4000244,0.029996369
834.5,0.028818789
834.5999756,0.027643284
834.7000122,0.02646986
834.7999878,0.025316054
834.9000244,0.024156959
835,0.02300816
835.0999756,0.021854995
835.2000122,0.020717116
835.2999878,0.019595118
835.4000244,0.031007361
835.5,0.031788934
835.5999756,0.032573241
835.7000122,0.03336127
835.7999878,0.034151622
835.9000244,0.034943844
836,0.035737198
836.0999756,0.036529315
836.2000122,0.037321778
836.3000488,0.038114185
836.4000244,0.038899952
836.5,0.039685563
836.5999756,0.040471662
836.7000122,0.041255198
836.8000488,0.042034146
836.9000244,0.04280937
837,0.043578737
837.0999756,0.044370017
837.2000122,0.045156498
837.3000488,0.045935695
837.4000244,0.046708717
837.5,0.047466179
837.5999756,0.048223117
837.7000122,0.048971383
837.8000488,0.049710239
837.9000244,0.050437926
838,0.051154817
838.0999756,0.05182193
838.2000122,0.052475475
838.3000488,0.05311501
838.4000244,0.053738618
838.5,0.054340551
838.5999756,0.054931764
838.7000122,0.055506602
838.8000488,0.056062862
838.9000244,0.056600398
839,0.057118662
839.0999756,0.05763035
839.2000122,0.058122307
839.3000488,0.058592396
839.4000244,0.059040487
839.5,0.059461647
839.5999756,0.059864141
839.7000122,0.060242769
839.8000488,0.060597084
839.9000244,0.060925881
840,0.06122895
840.0999756,0.061500633
840.2000122,0.061745442
840.3000488,0.061964493
840.4000244,0.062155485
840.5,0.062317362
840.5999756,0.062450152
840.7000122,0.062554729
840.8000488,0.062629519
840.9000244,0.0626741
841,0.062688187
841.0999756,0.062698489
841.2000122,0.062677541
841.3000488,0.062625084
841.4000244,0.062540919
841.5,0.062424696
841.5999756,0.062277946
841.7000122,0.062096326
841.8000488,0.061882025
841.9000244,0.061634801
842,0.061355051
842.0999756,0.061073626
842.2000122,0.060757906
842.3000488,0.060409336
842.4000244,0.060027651
842.5,0.059613333
842.5999756,0.059170862
842.7000122,0.058691223
842.8000488,0.058178895
842.9000244,0.057635116
843,0.057059297
843.0999756,0.056441488
843.2000122,0.055792251
843.3000488,0.055112084
843.4000244,0.054403412
843.5,0.053665081
843.5999756,0.052906474
843.7000122,0.052111698
843.8000488,0.051290317
843.9000244,0.050443034
844,0.049570317
844.0999756,0.048632522
844.2000122,0.047671931
844.3000488,0.046689996
844.4000244,0.045688428
844.5,0.044668625
844.5999756,0.043638239
844.7000122,0.042586076
844.8000488,0.041515609
844.9000244,0.04043146
845,0.039336041
845.0999756,0.038256437
845.2000122,0.037170662
845.3000488,0.036078293
845.4000244,0.034976594
845.5,0.033868382
845.5999756,0.032752706
845.7000122,0.031642844
845.8000488,0.030519073
845.9000244,0.029393885
846,0.028267195
846.0999756,0.027148166
846.2000122,0.026029964
846.3000488,0.024916529
846.4000244,0.023810062
846.5,0.02271071
846.5999756,0.021621729
846.7000122,0.020552831
846.8000488,0.019486083
846.9000244,0.030583836
847,0.031364076
847.0999756,0.032130936
847.2000122,0.032901699
847.3000488,0.033675838
847.4000244,0.034443927
847.5,0.035221622
847.5999756,0.036001098
847.7000122,0.036782624
847.8000488,0.037563467
847.9000244,0.038344926
848,0.03912469
848.0999756,0.039916472
848.2000122,0.040706467
848.3000488,0.041494588
848.4000244,0.042271554
848.5,0.043054026
848.5999756,0.043832326
848.7000122,0.044606685
848.8000488,0.045376159
848.9000244,0.04613938
849,0.046896382
849.0999756,0.047621975
849.2000122,0.048338265
849.3000488,0.049046508
849.4000244,0.049736828
849.5,0.050424862
849.5999756,0.051100808
849.7000122,0.05176601
849.8000488,0.052381213
849.9000244,0.052966642
850,0.053536674
850.0999756,0.054117964
850.2000122,0.054683996
850.3000488,0.055233668
850.4000244,0.05576595
850.5,0.056275306
850.5999756,0.056771699
850.7000122,0.057249883
850.8000488,0.057708948
850.9000244,0.058148013
851,0.058565769
851.0999756,0.05894667
851.2000122,0.059305468
851.3000488,0.059641645
851.4000244,0.05995449
851.5,0.060240015
851.5999756,0.060503687
851.7000122,0.060742842
851.8000488,0.06095668
851.9000244,0.061144774
852,0.061306744
852.0999756,0.061518474
852.2000122,0.06170381
852.3000488,0.061862023
852.4000244,0.061992562
852.5,0.06209448
852.5999756,0.0621692
852.7000122,0.062215131
852.8000488,0.062232023
852.9000244,0.062219507
853,0.062177292
853.0999756,0.062010924
853.2000122,0.061814609
853.3000488,0.061588511
853.4000244,0.061332674
853.5,0.061049135
853.5999756,0.060733638
853.7000122,0.060388228
853.8000488,0.0600131
853.9000244,0.059608564
854,0.059174549
854.0999756,0.058725575
854.2000122,0.058247357
854.3000488,0.057738833
854.4000244,0.057201687
854.5,0.056635581
854.5999756,0.056046855
854.7000122,0.055424958
854.8000488,0.054776032
854.9000244,0.054100822
855,0.053399082
855.0999756,0.052705738
855.2000122,0.052000964
855.3000488,0.05128564
855.4000244,0.050544933
855.5,0.049779151
855.5999756,0.048997591
855.7000122,0.048184451
855.8000488,0.047348207
855.9000244,0.04649069
856,0.045611887
856.0999756,0.044678302
856.2000122,0.043726403
856.3000488,0.042757578
856.4000244,0.041772789
856.5,0.040774593
856.5999756,0.039772229
856.7000122,0.038747399
856.8000488,0.037711159
856.9000244,0.036665765
857,0.035611123
857.0999756,0.034595866
857.2000122,0.033570676
857.3000488,0.032538416
857.4000244,0.031500593
857.5,0.030457653
857.5999756,0.029421431
857.7000122,0.028371099
857.8000488,0.02732042
857.9000244,0.026270937
858,0.025223539
858.0999756,0.024151485
858.2000122,0.023085675
858.3000488,0.022030084
858.4000244,0.020984413
858.5,0.019952034
858.5999756,0.018931831
858.7000122,0.028954389
858.8000488,0.029646767
858.9000244,0.030342435
859,0.031040578
859.0999756,0.031775364
859.2000122,0.032514247
859.3000488,0.033255313
859.4000244,0.033992359
859.5,0.034737543
859.5999756,0.035485051
859.7000122,0.036238094
859.8000488,0.036993918
859.9000244,0.037749665
860,0.038505544
860.0999756,0.039205093
860.2000122,0.039901311
860.3000488,0.04059472
860.4000244,0.041276921
860.5,0.041962409
860.5999756,0.042641673
860.7000122,0.043316148
860.8000488,0.043984396
860.9000244,0.04464471
861,0.045298235
861.0999756,0.045925933
861.2000122,0.046544841
861.3000488,0.047154824
861.4000244,0.047752195
861.5,0.048335318
861.5999756,0.048911941
861.7000122,0.049476966
861.8000488,0.05002954
861.9000244,0.050568472
862,0.051093685
862.0999756,0.051692829
862.2000122,0.052279316
862.3000488,0.052851815
862.4000244,0.053410666
862.5,0.05394905
862.5999756,0.054477919
862.7000122,0.054990322
862.8000488,0.055486796
862.9000244,0.055965431
863,0.05642636
863.0999756,0.056792765
863.2000122,0.057137836
863.3000488,0.05746223
863.4000244,0.057765289
863.5,0.058043888
863.5999756,0.058303214
863.7000122,0.058540343
863.8000488,0.058754168
863.9000244,0.058944891
864,0.05911656
864.0999756,0.059267683
864.2000122,0.05939458
864.3000488,0.059496405
864.4000244,0.059573122
864.5,0.059623765
864.5999756,0.059649617
864.7000122,0.059649391
864.8000488,0.059622901
864.9000244,0.059570178
865,0.059491248
865.0999756,0.059419545
865.2000122,0.059320578
865.3000488,0.059194063
865.4000244,0.059040139
865.5,0.058860055
865.5999756,0.058651368
865.7000122,0.058414323
865.8000488,0.058149134
865.9000244,0.057851061
866,0.057524852
866.0999756,0.057148739
866.2000122,0.056744839
866.3000488,0.056313858
866.4000244,0.05585588
866.5,0.055371158
866.5999756,0.054864772
866.7000122,0.054327179
866.8000488,0.053764719
866.9000244,0.053176706
867,0.052563808
867.0999756,0.051947332
867.2000122,0.051308632
867.3000488,0.050646023
867.4000244,0.049959055
867.5,0.04924933
867.5999756,0.048523651
867.7000122,0.047768236
867.8000488,0.046991084
867.9000244,0.046193567
868,0.045372226
868.0999756,0.044494308
868.2000122,0.043598905
868.3000488,0.042687301
868.4000244,0.041760994
868.5,0.040819837
868.5999756,0.039876596
868.7000122,0.038915744
868.8000488,0.037943794
868.9000244,0.036961444
869,0.035969105
869.0999756,0.03498905
869.2000122,0.033999272
869.3000488,0.033002319
869.4000244,0.031999865
869.5,0.030992517
869.5999756,0.029985906
869.7000122,0.028979405
869.8000488,0.02796377
869.9000244,0.026947843
870,0.025933559
870.0999756,0
870.2000122,0
870.3000488,0
870.4000244,0
870.5,0
870.5999756,0
870.7000122,0
870.8000488,0
870.9000244,0
871,0
871.0999756,0
871.2000122,0
871.3000488,0
871.4000244,0
871.5,0
871.5999756,0
871.7000122,0
871.8000488,0
871.9000244,0
872,0
872.0999756,0
872.2000122,0
872.3000488,0
872.4000244,0
872.5,0
872.5999756,0
872.7000122,0
872.8000488,0
872.9000244,0
873,0
873.0999756,0
873.2000122,0
873.3000488,0
873.4000244,0
873.5,0
873.5999756,0
873.7000122,0
873.8000488,0
873.9000244,0
874,0
874.0999756,0
874.2000122,0
874.3000488,0
874.4000244,0
874.5,0
874.5999756,0
874.7000122,0
874.8000488,0
874.9000244,0
875,0
875.0999756,0
875.2000122,0
875.3000488,0
875.4000244,0
875.5,0
875.5999756,0
875.7000122,0
875.8000488,0
875.9000244,0
876,0
876.0999756,0
876.2000122,0
876.3000488,0
876.4000244,0
876.5,0
876.5999756,0
876.7000122,0
876.8000488,0
876.9000244,0
877,0
877.0999756,0
877.2000122,0
877.3000488,0
877.4000244,0
877.5,0
877.5999756,0
877.7000122,0
877.8000488,0
877.9000244,0
878,0
878.0999756,0
878.2000122,0
878.3000488,0
878.4000244,0
878.5,0
878.5999756,0
878.7000122,0
878.8000488,0
878.9000244,0
879,0
879.0999756,0
879.2000122,0
879.3000488,0
879.4000244,0
879.5,0
879.5999756,0
879.7000122,0
879.8000488,0
879.9000244,0
880,0
880.0999756,0
880.2000122,0
880.3000488,0
880.4000244,0
880.5,0
880.5999756,0
880.7000122,0
880.8000488,0
880.9000244,0
881,0
881.0999756,0
881.2000122,0
881.3000488,0
881.4000244,0
881.5,0
881.5999756,0
881.7000122,0
881.8000488,0
881.9000244,0
882,0
882.0999756,0
882.2000122,0
882.3000488,0
882.4000244,0
882.5,0
882.5999756,0
882.7000122,0
882.8000488,0
882.9000244,0
883,0
883.0999756,0
883.2000122,0
883.3000488,0
883.4000244,0
883.5,0
883.5999756,0
883.7000122,0
883.8000488,0
883.9000244,0
884,0
884.0999756,0
884.2000122,0
884.3000488,0
884.4000244,0
884.5,0
884.5999756,0
884.7000122,0
884.8000488,0
884.9000244,0
885,0
885.0999756,0
885.2000122,0
885.3000488,0
885.4000244,0
885.5,0
885.5999756,0
885.7000122,0
885.8000488,0
885.9000244,0
886,0
886.0999756,0
886.2000122,0
886.3000488,0
886.4000244,0
886.5,0
886.5999756,0
886.7000122,0
886.8000488,0
886.9000244,0
887,0
887.0999756,0
887.2000122,0
887.3000488,0
887.4000244,0
887.5,0
887.5999756,0
887.7000122,0
887.8000488,0
887.9000244,0
888,0
888.0999756,0
888.2000122,0
888.3000488,0
888.4000244,0
888.5,0
888.5999756,0
888.7000122,0
888.8000488,0
888.9000244,0
889,0
889.0999756,0
889.2000122,0
889.3000488,0
889.4000244,0
889.5,0
889.5999756,0
889.7000122,0
889.8000488,0
889.9000244,0
890,0
890.0999756,0
890.2000122,0
890.3000488,0
890.4000244,0
890.5,0
890.5999756,0
890.7000122,0
890.8000488,0
890.9000244,0
891,0
891.0999756,0
891.2000122,0
891.3000488,0
891.4000244,0
891.5,0
891.5999756,0
891.7000122,0
891.8000488,0
891.9000244,0
892,0
892.0999756,0
892.2000122,0
892.3000488,0
892.4000244,0
892.5,0
892.5999756,0
892.7000122,0
892.8000488,0
892.9000244,0
893,0
893.0999756,0
893.2000122,0
893.3000488,0
893.4000244,0
893.5,0
893.5999756,0
893.7000122,0
893.8000488,0
893.9000244,0
894,0
894.0999756,0
894.2000122,0
894.3000488,0
894.4000244,0
894.5,0
894.5999756,0
894.7000122,0
894.8000488,0
894.9000244,0
895,0
895.0999756,0
895.2000122,0
895.3000488,0
895.4000244,0
895.5,0
895.5999756,0
895.7000122,0
895.8000488,0
895.9000244,0
896,0
896.0999756,0
896.2000122,0
896.3000488,0
896.4000244,0
896.5,0
896.5999756,0
896.7000122,0
896.8000488,0
896.9000244,0
897,0
897.0999756,0
897.2000122,0
897.3000488,0
897.4000244,0
897.5,0
897.5999756,0
897.7000122,0
897.8000488,0
897.9000244,0
898,0
898.0999756,0
898.2000122,0
898.3000488,0
898.4000244,0
898.5,0
898.5999756,0
898.7000122,0
898.8000488,0
898.9000244,0
899,0
899.0999756,0
899.2000122,0
899.3000488,0
899.4000244,0
899.5,0
899.5999756,0
899.7000122,0
899.8000488,0
899.9000244,0
900,0
